family,axis,kind,series,totals,components,exclusive,anchor,note
marital_status,series,condense,returns of married persons filing jointly and returns of surviving spouses,returns of married persons filing jointly and returns of surviving spouses,returns of married persons filing jointly|returns of surviving spouses,TRUE,,"joint filers and surviving spouses are published as separate groups TY2011-2014 and as one from TY2015"
returns_marital_age,panel,condense,returns of married persons filing jointly and returns of surviving spouses,returns of married persons filing jointly and returns of surviving spouses,returns of married persons filing jointly|returns of surviving spouses,TRUE,,"joint filers and surviving spouses are published as separate blocks TY2011-2014 and as one from TY2015"
income_sources,series,expand,wages,salaries and wages|total wages > total,total wages > total from form w 2 wages|total wages > household employee wages not reported on form w 2|total wages > tip income not reported on form w 2 wages|total wages > taxable dependent care benefits from form 2441|total wages > wages from form 8919|total wages > other earned income,FALSE,,"Form 1040 line 1 is broken into lines 1a-1h from TY2022; 'Salaries and wages' continues as 'Total wages > Total' (9.02T in 2021, 9.74T in 2022)"
itemized_deductions,series,expand,wages,salaries and wages|total wages > total,total wages > total from form w 2 wages|total wages > household employee wages not reported on form w 2|total wages > tip income not reported on form w 2 wages|total wages > taxable dependent care benefits from form 2441|total wages > wages from form 8919|total wages > other earned income,FALSE,,"Form 1040 line 1 is broken into lines 1a-1h from TY2022; 'Salaries and wages' continues as 'Total wages > Total'"
income_sources,series,expand,partnership and s corporation > net income less loss,partnership and s corporation > net income less loss,partnership > net income less loss|s corporation > net income less loss,FALSE,Schedule E|32,"published jointly TY2011-2020, separately from TY2021; the consistent total is net income less net loss, which is additive (Schedule E line 32 prints the same amount). The published gain and loss columns are netted per return across both sources, so they have no consistent total"
capital_assets,series,expand,with basis reported,with basis reported,with basis reported and no form 8949|with basis reported on form 8949,FALSE,,"one basis-reported category TY2012, split by whether Form 8949 was filed from TY2013; a return can report both ways"
tax_liability,series,expand,tax payments > income tax withheld,tax payments > income tax withheld,tax payments > income tax withheld from form w2|tax payments > income tax withheld from form 1099|tax payments > income tax withheld from other forms,FALSE,,"withholding published by source form from TY2020 (Form 1040 lines 25a-25c)"
tax_liability,series,expand,tax credits > residential energy credits,tax credits > residential energy credits,tax credits > residential clean energy credit|tax credits > energy efficient home improvement credit,FALSE,,"the Form 5695 credits are published separately from TY2023 (Inflation Reduction Act)"
tax_liability,series,expand,tax credits > total refundable credits > qualified sick and family leave credit,tax credits > total refundable credits > qualified sick and family leave credit,"tax credits > total refundable credits > qualified sick and family leave credit for leave taken before april 1, 2021|tax credits > total refundable credits > qualified sick and family leave credit for leave taken after march 31, 2021",FALSE,,"one credit TY2020, two leave windows from TY2021"
income_sources,series,other,^partnership and s corporation > net (income|loss)$|^(partnership|s corporation) > net (income|loss)$,,,,,"netted per return across partnership and S corporation income until TY2020 and within each from TY2021, so the gain and loss columns do not continue across the split; use net income less loss"
income_sources,series,other,"^(individual retirement arrangements \(ira\), pensions and annuities|pensions and annuities|taxable individual retirement arrangement \(ira\) distributions)\b",,,,,"IRA distributions and pensions are published as one item in TY2018 only (decision 2 of bysize_panels_plan.md: flagged, no total built)"
itemized_deductions,series,other,"^(taxable individual retirement arrangements \(ira\), pensions and annuities|taxable pensions and annuities|taxable individual retirement arrangement \(ira\) distributions)$",,,,,"taxable IRA distributions and pensions are published as one item in TY2018 only (decision 2 of bysize_panels_plan.md: flagged, no total built)"
income_sources,series,other,"^sales of capital assets reported on form 1040, schedule d > ",,,,,"TY2011 capital gains detail; carried in Table 1.4A from TY2012"
income_sources,series,other,^exemptions\b,,,,,"personal exemptions suspended from TY2018"
itemized_deductions,series,other,^exemptions\b|^itemized deductions > limited miscellaneous deductions\b|^itemized deductions > itemized deductions in excess of limitation\b,,,,,"suspended from TY2018 (the 2017 tax act)"
itemized_deductions,series,other,^itemized deductions > taxes paid deduction > (limited state and local taxes|total state and local taxes > total)\b,,,,,"the state and local tax cap from TY2018: the capped deduction and the pre-cap total are new items"
marital_status,series,other,> exemption amount$,,,,,"personal exemptions suspended from TY2018"
tax_generated_byrate,series,other,^(10|12|15|22|24|25|28|32|33|35|37|39\.6) percent\b(?! \(capital gains\))(?! \(from form 8814\)),,,,,"ordinary rate brackets: 15/25/28/33/39.6% through TY2017, 12/22/24/32/37% from TY2018; 10% and 35% keep their labels but their income ranges change in TY2018"
tax_liability,series,other,^tax credits > (child tax credit|child and other dependent tax credit)$|additional child tax credit|refundable child tax credit or additional child tax credit|refundable child and dependent care credit,,,,,"child credits redefined: the other dependent credit joins from TY2018, the child tax credit is fully refundable in TY2021"
tax_liability,series,other,electric vehicle credit|clean vehicle credit|alternative motor vehicle credit,,,,,"vehicle credits redefined: qualified electric (through TY2014), qualified plug-in electric (through TY2022), clean vehicle (TY2023, new rules)"
tax_liability,series,other,^tax credits > other tax credits$|^tax credits > nonrefundable credits > other nonrefundable credits > total$,,,,,"different residual categories before and after the TY2021 restructure; not a relabel"
tax_pct_of_agi,panel,other,^returns of (married persons filing jointly|single persons)$,,,,,"filing-status blocks published TY2011-2014 only"
